acc,assay_type,center_name,consent,experiment,sample_name,instrument,librarylayout,libraryselection,librarysource,platform,sample_acc,biosample,organism,sra_study,releasedate,bioproject,mbytes,loaddate,avgspotlen,mbases,insertsize,library_name,biosamplemodel_sam,collection_date_sam...25,geo_loc_name_country_calc,geo_loc_name_country_continent_calc,geo_loc_name_sam,ena_first_public_run,ena_last_update_run,sample_name_sam,datastore_filetype,datastore_provider,datastore_region,run_file_version,bases,bytes,run_file_create_date,collection_date_sam...39,source_name_sam,tissue_sam_ss_dpl145,primary_search,isolate_sam_ss_dpl100,isolation_source_sam,lat_lon_sam_s_dpl34,samp_size_sam,genotype_sam_ss_dpl92,treatment_sam_ss_dpl55,sex_calc,dev_stage_sam,biomaterial_provider_sam,breed_sam,collected_by_sam,host_sam,identified_by_sam,geo_accession_exp,behavioral_state_sam,colony_sam_s_dpl68,age_sam,replication_sam_s_dpl43,sequence_type_sam_ss_dpl2,object_status_run,sra_accession_run,cultivar_sam,diagnosis_sam_s_dpl22,host_tissue_sampled_sam_s_dpl239
SRR26863819,RNA-Seq,SUN YAT-SEN UNIVERSITY,public,SRX22558672,GSM7905857,Illumina NovaSeq 6000,PAIRED,cDNA,TRANSCRIPTOMIC SINGLE CELL,ILLUMINA,SRS19567214,SAMN38300106,Apis mellifera,SRP472583,2025-04-23 00:00:00.000000 UTC,PRJNA1041771,11780,NA,316,32460,NA,GSM7905857,[],,uncalculated,uncalculated,[missing],[],[],[],[fastq,run.zq,sra],[gs,ncbi,s3],[gs.us-east1,ncbi.public,s3.us-east-1],1,32460606092,12352313581,2023-11-17T16:02:00.000Z,missing,Nurse bees,antenna,1041771,NA,NA,NA,NA,NA,NA,NA,NA,NA,NA,NA,NA,NA,NA,NA,NA,NA,NA,NA,NA,NA,NA,NA,NA
SRR32608175,RNA-Seq,UNIVERSITY OF ULM,public,SRX27913696,Cherbourg Am 21,DNBSEQ-T7,PAIRED,PolyA,TRANSCRIPTOMIC,DNBSEQ,SRS24283750,SAMN47257409,Apis mellifera,SRP568632,2025-03-07 00:00:00.000000 UTC,PRJNA1233015,20619,NA,300,32839,NA,4,[Invertebrate],2021-09-01,France,Europe,[France: Normandy, Cherbourg],[],[],[],[fastq,run.zq,sra],[gs,ncbi,s3],[gs.us-east1,ncbi.public,s3.us-east-1],1,32839300500,21620675428,2025-03-07T08:13:00.000Z,2021-09,NA,pool of half bees,1233015,pool,pool of half bees,49.65157 N 1.62054 W,30 individual bees,NA,NA,NA,NA,NA,NA,NA,NA,NA,NA,NA,NA,NA,NA,NA,NA,NA,NA,NA,NA
SRR21972973,RNA-Seq,ZAYED LAB, BIOLOGY, YORK UNIVERSITY,public,SRX17956407,GSM6656115,Illumina NovaSeq 6000,PAIRED,cDNA,TRANSCRIPTOMIC,ILLUMINA,SRS15473487,SAMN31351315,Apis mellifera,SRP403478,2023-03-02 00:00:00.000000 UTC,PRJNA891719,10530,NA,202,34673,NA,GSM6656115,[],,,,[],[],[],[],[fastq,run.zq,sra],[gs,ncbi,s3],[gs.us-east1,ncbi.public,s3.us-east-1],1,34673025078,11042171143,2022-10-19T17:40:00.000Z,NA,Brain,Brain,31351315,NA,NA,NA,NA,P1,Clothianidin 4.27ppb,NA,NA,NA,NA,NA,NA,NA,NA,NA,NA,NA,NA,NA,NA,NA,NA,NA,NA
SRR32608173,RNA-Seq,UNIVERSITY OF ULM,public,SRX27913698,Quiberon Am 15,DNBSEQ-T7,PAIRED,PolyA,TRANSCRIPTOMIC,DNBSEQ,SRS24283752,SAMN47257437,Apis mellifera,SRP568632,2025-03-07 00:00:00.000000 UTC,PRJNA1233015,22008,NA,300,35357,NA,32,[Invertebrate],2015-06-01,France,Europe,[France: Brittany, Quiberon],[],[],[],[sra,fastq,run.zq],[ncbi,gs,s3],[gs.us-east1,s3.us-east-1,ncbi.public],1,35357964300,23078090225,2025-03-07T08:15:00.000Z,2015-06,NA,pool of half bees,1233015,pool,pool of half bees,47.4822 N 3.12019 W,30 individual bees,NA,NA,NA,NA,NA,NA,NA,NA,NA,NA,NA,NA,NA,NA,NA,NA,NA,NA,NA,NA
SRR22801755,RNA-Seq,SUN YAT-SEN UNIVERSITY,public,SRX18761500,GSM6856792,DNBSEQ-G400,PAIRED,cDNA,TRANSCRIPTOMIC,DNBSEQ,SRS16196432,SAMN32301249,Apis mellifera,SRP413636,2024-10-24 00:00:00.000000 UTC,PRJNA913589,16294,NA,100,27457,NA,GSM6856792,[],,,,[],[],[],[],[fastq,run.zq,sra],[gs,ncbi,s3],[gs.us-east1,ncbi.public,s3.us-east-1],1,27457167600,17085679498,2022-12-18T17:46:00.000Z,NA,Antennae,Antennae,32301249,NA,NA,NA,NA,NA,NA,NA,NA,NA,NA,NA,NA,NA,NA,NA,NA,NA,NA,NA,NA,NA,NA,NA,NA
SRR22801756,RNA-Seq,SUN YAT-SEN UNIVERSITY,public,SRX18761499,GSM6856791,DNBSEQ-G400,PAIRED,cDNA,TRANSCRIPTOMIC,DNBSEQ,SRS16196431,SAMN32301250,Apis mellifera,SRP413636,2024-10-24 00:00:00.000000 UTC,PRJNA913589,16209,NA,100,27415,NA,GSM6856791,[],,,,[],[],[],[],[fastq,run.zq,sra],[gs,ncbi,s3],[gs.us-east1,ncbi.public,s3.us-east-1],1,27415823600,16997201165,2022-12-18T17:17:00.000Z,NA,Antennae,Antennae,32301250,NA,NA,NA,NA,NA,NA,NA,NA,NA,NA,NA,NA,NA,NA,NA,NA,NA,NA,NA,NA,NA,NA,NA,NA
SRR32608182,RNA-Seq,UNIVERSITY OF ULM,public,SRX27913689,Belle-Ile Am 15,DNBSEQ-T7,PAIRED,PolyA,TRANSCRIPTOMIC,DNBSEQ,SRS24283743,SAMN47257429,Apis mellifera,SRP568632,2025-03-07 00:00:00.000000 UTC,PRJNA1233015,22033,NA,300,35544,NA,24,[Invertebrate],2015-06-01,France,Europe,[France: Brittany, Belle-Ile],[],[],[],[fastq,sra,run.zq],[ncbi,s3,gs],[s3.us-east-1,gs.us-east1,ncbi.public],1,35544655200,23103787203,2025-03-07T08:16:00.000Z,2015-06,NA,pool of half bees,1233015,pool,pool of half bees,47.34712 N 3.15538 W,28 individual bees,NA,NA,NA,NA,NA,NA,NA,NA,NA,NA,NA,NA,NA,NA,NA,NA,NA,NA,NA,NA
SRR22801760,RNA-Seq,SUN YAT-SEN UNIVERSITY,public,SRX18761495,GSM6856787,DNBSEQ-G400,PAIRED,cDNA,TRANSCRIPTOMIC,DNBSEQ,SRS16196427,SAMN32301254,Apis mellifera,SRP413636,2024-10-24 00:00:00.000000 UTC,PRJNA913589,15350,NA,100,25066,NA,GSM6856787,[],,,,[],[],[],[],[fastq,run.zq,sra],[gs,ncbi,s3],[gs.us-east1,ncbi.public,s3.us-east-1],1,25066948200,16096607456,2022-12-18T17:57:00.000Z,NA,Antennae,Antennae,32301254,NA,NA,NA,NA,NA,NA,NA,NA,NA,NA,NA,NA,NA,NA,NA,NA,NA,NA,NA,NA,NA,NA,NA,NA
SRR5223581,RNA-Seq,UNIVERSITY OF NEVADA, RENO,public,SRX2532761,forager_hpg,Illumina HiSeq 2500,PAIRED,RT-PCR,TRANSCRIPTOMIC,ILLUMINA,SRS1953451,SAMN06289195,Apis mellifera,SRP098716,2019-01-01 00:00:00.000000 UTC,PRJNA369540,10657,NA,250,19898,NA,forager_hpg,[Model organism or animal],,,,[],[],[],[],[fastq,run.zq,sra],[gs,ncbi,s3],[gs.us-east1,ncbi.public,s3.us-east-1],1,19898274750,11175128446,2017-02-01T19:50:00.000Z,NA,NA,hypopharyngeal gland,369540,forager,NA,NA,NA,NA,NA,not collected,forager,NA,NA,NA,NA,NA,NA,NA,NA,NA,NA,NA,NA,NA,NA,NA,NA
SRR446003,RNA-Seq,JOHNS HOPKINS UNIVERSITY SCHOOL OF MEDICINE CENTER,public,SRX129932,NursePool5,Illumina HiSeq 2000,PAIRED,unspecified,TRANSCRIPTOMIC,ILLUMINA,SRS300645,SAMN00828744,Apis mellifera,SRP011484,2012-09-16 00:00:00.000000 UTC,PRJNA104931,17688,NA,202,28005,NA,NursePool5_rna,[],,,,[],[],[],[],[fastq,run.zq,sra],[gs,ncbi,s3],[gs.us-east1,ncbi.public,s3.us-east-1],2,28005002452,18547654269,2012-08-11T22:36:00.000Z,NA,NA,NA,104931,NA,NA,NA,NA,NA,NA,NA,NA,NA,NA,NA,NA,NA,NA,NA,NA,NA,NA,NA,NA,NA,NA,NA,NA
SRR446008,RNA-Seq,JOHNS HOPKINS UNIVERSITY SCHOOL OF MEDICINE CENTER,public,SRX129921,ForagerPool4,Illumina HiSeq 2000,PAIRED,unspecified,TRANSCRIPTOMIC,ILLUMINA,SRS300650,SAMN00828749,Apis mellifera,SRP011484,2012-09-16 00:00:00.000000 UTC,PRJNA104931,21172,NA,202,33246,NA,ForagerPool4_rna,[],,,,[],[],[],[],[fastq,run.zq,sra],[gs,ncbi,s3],[gs.us-east1,ncbi.public,s3.us-east-1],2,33246043952,22201328473,2012-08-11T22:37:00.000Z,NA,NA,NA,104931,NA,NA,NA,NA,NA,NA,NA,NA,NA,NA,NA,NA,NA,NA,NA,NA,NA,NA,NA,NA,NA,NA,NA,NA
SRR32608195,RNA-Seq,UNIVERSITY OF ULM,public,SRX27913676,Scilly Am 21,DNBSEQ-T7,PAIRED,PolyA,TRANSCRIPTOMIC,DNBSEQ,SRS24283730,SAMN47257417,Apis mellifera,SRP568632,2025-03-07 00:00:00.000000 UTC,PRJNA1233015,22213,NA,300,35105,NA,12,[Invertebrate],2021-07-01,United Kingdom,Europe,[United Kingdom: South West, Scilly Isles],[],[],[],[fastq,run.zq,sra],[s3,gs,ncbi],[gs.us-east1,s3.us-east-1,ncbi.public],1,35105374500,23292646181,2025-03-07T08:03:00.000Z,2021-07,NA,pool of half bees,12,pool,pool of half bees,49.91428 N 6.30417 W,30 individual bees,NA,NA,NA,NA,NA,NA,NA,NA,NA,NA,NA,NA,NA,NA,NA,NA,NA,NA,NA,NA
SRR6031640,RNA-Seq,FUJIAN AGRICULTURE AND FORESTRY UNIVERSITY,public,SRX3181847,Am10TL-2,Illumina HiSeq 4000,PAIRED,PCR,TRANSCRIPTOMIC,ILLUMINA,SRS2510512,SAMN07637367,Apis mellifera,SRP117554,2018-10-01 00:00:00.000000 UTC,PRJNA406998,11620,NA,300,31288,NA,Am10TL-2,[Invertebrate],2017-04-10,China,Asia,[China: Fujian, Fuzhou],[],[],[],[fastq,run.zq,sra],[gs,ncbi,s3],[gs.us-east1,ncbi.public,s3.us-east-1],1,31288474800,12184971028,2017-09-13T05:05:00.000Z,2017-04-10,NA,gut,406998,not collected,not collected,NA,NA,NA,NA,NA,NA,Rui Guo,not collected,Honeybee Protection Lab,not collected,Am10TL-2,NA,NA,NA,NA,NA,NA,NA,NA,NA,NA,NA
SRR22801759,RNA-Seq,SUN YAT-SEN UNIVERSITY,public,SRX18761496,GSM6856788,DNBSEQ-G400,PAIRED,cDNA,TRANSCRIPTOMIC,DNBSEQ,SRS16196428,SAMN32301253,Apis mellifera,SRP413636,2024-10-24 00:00:00.000000 UTC,PRJNA913589,16499,NA,100,27140,NA,GSM6856788,[],,,,[],[],[],[],[fastq,run.zq,sra],[gs,ncbi,s3],[gs.us-east1,ncbi.public,s3.us-east-1],1,27140943600,17301228501,2022-12-18T17:19:00.000Z,NA,Antennae,Antennae,32301253,NA,NA,NA,NA,NA,NA,NA,NA,NA,NA,NA,NA,NA,NA,NA,NA,NA,NA,NA,NA,NA,NA,NA,NA
SRR22801753,RNA-Seq,SUN YAT-SEN UNIVERSITY,public,SRX18761502,GSM6856794,DNBSEQ-G400,PAIRED,cDNA,TRANSCRIPTOMIC,DNBSEQ,SRS16196434,SAMN32301247,Apis mellifera,SRP413636,2024-10-24 00:00:00.000000 UTC,PRJNA913589,13243,NA,100,21346,NA,GSM6856794,[],,,,[],[],[],[],[fastq,run.zq,sra],[gs,ncbi,s3],[gs.us-east1,ncbi.public,s3.us-east-1],1,21346377800,13886596347,2022-12-18T17:07:00.000Z,NA,Antennae,Antennae,32301247,NA,NA,NA,NA,NA,NA,NA,NA,NA,NA,NA,NA,NA,NA,NA,NA,NA,NA,NA,NA,NA,NA,NA,NA
SRR26863820,RNA-Seq,SUN YAT-SEN UNIVERSITY,public,SRX22558671,GSM7905858,Illumina NovaSeq 6000,PAIRED,cDNA,TRANSCRIPTOMIC SINGLE CELL,ILLUMINA,SRS19567212,SAMN38300105,Apis mellifera,SRP472583,2025-04-23 00:00:00.000000 UTC,PRJNA1041771,12417,NA,315,34753,NA,GSM7905858,[],,uncalculated,uncalculated,[missing],[],[],[],[fastq,run.zq,sra],[gs,ncbi,s3],[gs.us-east1,ncbi.public,s3.us-east-1],1,34753449465,13021088638,2023-11-17T16:02:00.000Z,missing,Forager bees,antenna,1041771,NA,NA,NA,NA,NA,NA,NA,NA,NA,NA,NA,NA,NA,NA,NA,NA,NA,NA,NA,NA,NA,NA,NA,NA
SRR6031651,RNA-Seq,FUJIAN AGRICULTURE AND FORESTRY UNIVERSITY,public,SRX3181836,Am10TL-1,Illumina HiSeq 4000,PAIRED,PCR,TRANSCRIPTOMIC,ILLUMINA,SRS2510502,SAMN07637366,Apis mellifera,SRP117554,2018-10-01 00:00:00.000000 UTC,PRJNA406998,13826,NA,300,37421,NA,Am10TL-1,[Invertebrate],2017-04-10,China,Asia,[China: Fujian, Fuzhou],[],[],[],[fastq,run.zq,sra],[gs,ncbi,s3],[gs.us-east1,ncbi.public,s3.us-east-1],1,37421049900,14498430628,2017-09-13T05:06:00.000Z,2017-04-10,NA,gut,406998,not collected,not collected,NA,NA,NA,NA,NA,NA,Rui Guo,not collected,Honeybee Protection Lab,not collected,Am10TL-1,NA,NA,NA,NA,NA,NA,NA,NA,NA,NA,NA
SRR32608172,RNA-Seq,UNIVERSITY OF ULM,public,SRX27913699,Scilly Am 15,DNBSEQ-T7,PAIRED,PolyA,TRANSCRIPTOMIC,DNBSEQ,SRS24283753,SAMN47257438,Apis mellifera,SRP568632,2025-03-07 00:00:00.000000 UTC,PRJNA1233015,19596,NA,300,31699,NA,33,[Invertebrate],2015-07-01,United Kingdom,Europe,[United Kingdom: South West, Scilly Isles],[],[],[],[run.zq,fastq,sra],[gs,s3,ncbi],[ncbi.public,gs.us-east1,s3.us-east-1],1,31699816800,20547897800,2025-03-07T08:13:00.000Z,2015-07,NA,pool of half bees,1233015,pool,pool of half bees,49.91428 N 6.30417 W,30 individual bees,NA,NA,NA,NA,NA,NA,NA,NA,NA,NA,NA,NA,NA,NA,NA,NA,NA,NA,NA,NA
SRR10693359,RNA-Seq,GEO,public,SRX7370003,GSM4218163,Illumina NovaSeq 6000,PAIRED,cDNA,TRANSCRIPTOMIC,ILLUMINA,SRS5828314,SAMN13564764,Apis mellifera,SRP237631,2023-05-10 00:00:00.000000 UTC,PRJNA595689,22192,NA,186,53368,NA,,[],2019-08-16,,,[],[],[],[],[fastq,run.zq,sra],[gs,ncbi,s3],[gs.us-east1,ncbi.public,s3.us-east-1],1,53368274688,23270576874,2019-12-16T05:14:00.000Z,2019-08-16,5 pooled brains,5 pooled brains,13564764,NA,NA,NA,NA,NA,NA,NA,NA,NA,NA,NA,NA,NA,GSM4218163,soldier,O43,NA,NA,NA,NA,NA,NA,NA,NA
SRR26863822,RNA-Seq,SUN YAT-SEN UNIVERSITY,public,SRX22558671,GSM7905858,Illumina NovaSeq 6000,PAIRED,cDNA,TRANSCRIPTOMIC SINGLE CELL,ILLUMINA,SRS19567212,SAMN38300105,Apis mellifera,SRP472583,2025-04-23 00:00:00.000000 UTC,PRJNA1041771,36063,NA,315,99207,NA,GSM7905858,[],,uncalculated,uncalculated,[missing],[],[],[],[fastq,run.zq,sra],[gs,ncbi,s3],[gs.us-east1,ncbi.public,s3.us-east-1],1,99207212895,37815172958,2023-11-17T17:34:00.000Z,missing,Forager bees,antenna,1041771,NA,NA,NA,NA,NA,NA,NA,NA,NA,NA,NA,NA,NA,NA,NA,NA,NA,NA,NA,NA,NA,NA,NA,NA
SRR32608176,RNA-Seq,UNIVERSITY OF ULM,public,SRX27913695,Oues Am 15,DNBSEQ-T7,PAIRED,PolyA,TRANSCRIPTOMIC,DNBSEQ,SRS24283749,SAMN47257435,Apis mellifera,SRP568632,2025-03-07 00:00:00.000000 UTC,PRJNA1233015,21923,NA,300,35112,NA,30,[Invertebrate],2015-06-01,France,Europe,[France: Brittany, Ile Ouessant],[],[],[],[run.zq,sra,fastq],[ncbi,s3,gs],[s3.us-east-1,ncbi.public,gs.us-east1],1,35112355500,22988237207,2025-03-07T08:14:00.000Z,2015-06,NA,pool of half bees,1233015,pool,pool of half bees,48.45746 N 5.09644 W,30 individual bees,NA,NA,NA,NA,NA,NA,NA,NA,NA,NA,NA,NA,NA,NA,NA,NA,NA,NA,NA,NA
SRR10693357,RNA-Seq,GEO,public,SRX7370001,GSM4218161,Illumina NovaSeq 6000,PAIRED,cDNA,TRANSCRIPTOMIC,ILLUMINA,SRS5828316,SAMN13564766,Apis mellifera,SRP237631,2023-05-10 00:00:00.000000 UTC,PRJNA595689,29064,NA,186,69718,NA,,[],2019-08-13,,,[],[],[],[],[fastq,run.zq,sra],[gs,ncbi,s3],[gs.us-east1,ncbi.public,s3.us-east-1],1,69718219668,30476490489,2019-12-17T14:29:00.000Z,2019-08-13,5 pooled brains,5 pooled brains,13564766,NA,NA,NA,NA,NA,NA,NA,NA,NA,NA,NA,NA,NA,GSM4218161,soldier,O22,NA,NA,NA,NA,NA,NA,NA,NA
SRR10693362,RNA-Seq,GEO,public,SRX7370006,GSM4218166,Illumina NovaSeq 6000,PAIRED,cDNA,TRANSCRIPTOMIC,ILLUMINA,SRS5828318,SAMN13564761,Apis mellifera,SRP237631,2023-05-10 00:00:00.000000 UTC,PRJNA595689,17058,NA,186,40771,NA,,[],2019-08-15,,,[],[],[],[],[fastq,run.zq,sra],[gs,ncbi,s3],[gs.us-east1,ncbi.public,s3.us-east-1],1,40771755396,17887047861,2019-12-16T13:52:00.000Z,2019-08-15,5 pooled brains,5 pooled brains,13564761,NA,NA,NA,NA,NA,NA,NA,NA,NA,NA,NA,NA,NA,GSM4218166,forager,O38,NA,NA,NA,NA,NA,NA,NA,NA
SRR446005,RNA-Seq,JOHNS HOPKINS UNIVERSITY SCHOOL OF MEDICINE CENTER,public,SRX129907,ForagerPool1,Illumina HiSeq 2000,PAIRED,unspecified,TRANSCRIPTOMIC,ILLUMINA,SRS300647,SAMN00828746,Apis mellifera,SRP011484,2012-09-16 00:00:00.000000 UTC,PRJNA104931,24000,NA,202,36147,NA,ForagerPool1_rna,[],,,,[],[],[],[],[fastq,run.zq,sra],[gs,ncbi,s3],[gs.us-east1,ncbi.public,s3.us-east-1],2,36147138662,25166176663,2012-08-11T22:40:00.000Z,NA,NA,NA,104931,NA,NA,NA,NA,NA,NA,NA,NA,NA,NA,NA,NA,NA,NA,NA,NA,NA,NA,NA,NA,NA,NA,NA,NA
SRR32608174,RNA-Seq,UNIVERSITY OF ULM,public,SRX27913697,Penryn Am 15,DNBSEQ-T7,PAIRED,PolyA,TRANSCRIPTOMIC,DNBSEQ,SRS24283751,SAMN47257436,Apis mellifera,SRP568632,2025-03-07 00:00:00.000000 UTC,PRJNA1233015,19965,NA,300,32062,NA,31,[Invertebrate],2015-07-01,United Kingdom,Europe,[United Kingdom: South West, Penryn],[],[],[],[fastq,sra,run.zq],[s3,ncbi,gs],[ncbi.public,gs.us-east1,s3.us-east-1],1,32062018500,20935349562,2025-03-07T08:16:00.000Z,2015-07,NA,pool of half bees,1233015,pool,pool of half bees,50.15276 N 5.06717 W,30 individual bees,NA,NA,NA,NA,NA,NA,NA,NA,NA,NA,NA,NA,NA,NA,NA,NA,NA,NA,NA,NA
SRR10693358,RNA-Seq,GEO,public,SRX7370002,GSM4218162,Illumina NovaSeq 6000,PAIRED,cDNA,TRANSCRIPTOMIC,ILLUMINA,SRS5828324,SAMN13564765,Apis mellifera,SRP237631,2023-05-10 00:00:00.000000 UTC,PRJNA595689,24435,NA,186,58468,NA,,[],2019-08-15,,,[],[],[],[],[fastq,run.zq,sra],[gs,ncbi,s3],[gs.us-east1,ncbi.public,s3.us-east-1],1,58468177068,25622384227,2019-12-17T08:34:00.000Z,2019-08-15,5 pooled brains,5 pooled brains,13564765,NA,NA,NA,NA,NA,NA,NA,NA,NA,NA,NA,NA,NA,GSM4218162,soldier,O38,NA,NA,NA,NA,NA,NA,NA,NA
SRR22801762,RNA-Seq,SUN YAT-SEN UNIVERSITY,public,SRX18761493,GSM6856785,DNBSEQ-G400,PAIRED,cDNA,TRANSCRIPTOMIC,DNBSEQ,SRS16196425,SAMN32301256,Apis mellifera,SRP413636,2024-10-24 00:00:00.000000 UTC,PRJNA913589,16622,NA,100,27194,NA,GSM6856785,[],,,,[],[],[],[],[fastq,run.zq,sra],[gs,ncbi,s3],[gs.us-east1,ncbi.public,s3.us-east-1],1,27194751200,17429579771,2022-12-18T17:56:00.000Z,NA,Antennae,Antennae,32301256,NA,NA,NA,NA,NA,NA,NA,NA,NA,NA,NA,NA,NA,NA,NA,NA,NA,NA,NA,NA,NA,NA,NA,NA
SRR446009,RNA-Seq,JOHNS HOPKINS UNIVERSITY SCHOOL OF MEDICINE CENTER,public,SRX129925,ForagerPool5,Illumina HiSeq 2000,PAIRED,unspecified,TRANSCRIPTOMIC,ILLUMINA,SRS300651,SAMN00828750,Apis mellifera,SRP011484,2012-09-16 00:00:00.000000 UTC,PRJNA104931,23260,NA,202,36292,NA,ForagerPool5_rna,[],,,,[],[],[],[],[fastq,run.zq,sra],[gs,ncbi,s3],[gs.us-east1,ncbi.public,s3.us-east-1],2,36292149008,24390658089,2012-08-11T22:39:00.000Z,NA,NA,NA,104931,NA,NA,NA,NA,NA,NA,NA,NA,NA,NA,NA,NA,NA,NA,NA,NA,NA,NA,NA,NA,NA,NA,NA,NA
SRR446010,RNA-Seq,JOHNS HOPKINS UNIVERSITY SCHOOL OF MEDICINE CENTER,public,SRX129926,ForagerPool6,Illumina HiSeq 2000,PAIRED,unspecified,TRANSCRIPTOMIC,ILLUMINA,SRS300652,SAMN00828751,Apis mellifera,SRP011484,2012-09-16 00:00:00.000000 UTC,PRJNA104931,17934,NA,202,28160,NA,ForagerPool6_rna,[],,,,[],[],[],[],[fastq,run.zq,sra],[gs,ncbi,s3],[gs.us-east1,ncbi.public,s3.us-east-1],2,28160036038,18805672773,2012-08-11T22:35:00.000Z,NA,NA,NA,104931,NA,NA,NA,NA,NA,NA,NA,NA,NA,NA,NA,NA,NA,NA,NA,NA,NA,NA,NA,NA,NA,NA,NA,NA
SRR446007,RNA-Seq,JOHNS HOPKINS UNIVERSITY SCHOOL OF MEDICINE CENTER,public,SRX129916,ForagerPool3,Illumina HiSeq 2000,PAIRED,unspecified,TRANSCRIPTOMIC,ILLUMINA,SRS300649,SAMN00828748,Apis mellifera,SRP011484,2012-09-16 00:00:00.000000 UTC,PRJNA104931,16355,NA,202,24473,NA,ForagerPool3_rna,[],,,,[],[],[],[],[fastq,run.zq,sra],[gs,ncbi,s3],[gs.us-east1,ncbi.public,s3.us-east-1],2,24473293234,17149622366,2012-08-11T22:33:00.000Z,NA,NA,NA,104931,NA,NA,NA,NA,NA,NA,NA,NA,NA,NA,NA,NA,NA,NA,NA,NA,NA,NA,NA,NA,NA,NA,NA,NA
SRR446001,RNA-Seq,JOHNS HOPKINS UNIVERSITY SCHOOL OF MEDICINE CENTER,public,SRX129929,NursePool3,Illumina HiSeq 2000,PAIRED,unspecified,TRANSCRIPTOMIC,ILLUMINA,SRS300643,SAMN00828742,Apis mellifera,SRP011484,2012-09-16 00:00:00.000000 UTC,PRJNA104931,20407,NA,202,30696,NA,NursePool3_rna,[],,,,[],[],[],[],[fastq,run.zq,sra],[gs,ncbi,s3],[gs.us-east1,ncbi.public,s3.us-east-1],2,30696854048,21399331520,2012-08-11T22:35:00.000Z,NA,NA,NA,104931,NA,NA,NA,NA,NA,NA,NA,NA,NA,NA,NA,NA,NA,NA,NA,NA,NA,NA,NA,NA,NA,NA,NA,NA
SRR25153445,RNA-Seq,ZHEJIANG UNIVERSITY,public,SRX20904726,Amel_14d_testis_scRNA-seq,Illumina NovaSeq 6000,PAIRED,PolyA,TRANSCRIPTOMIC,ILLUMINA,SRS18181996,SAMN35674332,Apis mellifera,SRP471943,2023-11-17 00:00:00.000000 UTC,PRJNA981429,26995,NA,178,87086,NA,scRNA-seq_14d_testis,[Invertebrate],2019-05-01,China,Asia,[China: Beijing],[],[],[],[fastq,run.zq,sra],[gs,ncbi,s3],[gs.us-east1,ncbi.public,s3.us-east-1],1,87086203630,28306452678,2023-07-06T02:00:00.000Z,2019-05,NA,testis,35674332,not collected,Institute of Apicultural Research Chinese Academy of Agricultural Sciences (IAR) in Beijing, China,NA,NA,NA,NA,male,adult,NA,not collected,NA,not collected,NA,NA,NA,NA,14 days,1,scRNA-seq,NA,NA,NA,NA,NA
SRR22801754,RNA-Seq,SUN YAT-SEN UNIVERSITY,public,SRX18761501,GSM6856793,DNBSEQ-G400,PAIRED,cDNA,TRANSCRIPTOMIC,DNBSEQ,SRS16196433,SAMN32301248,Apis mellifera,SRP413636,2024-10-24 00:00:00.000000 UTC,PRJNA913589,13408,NA,100,21493,NA,GSM6856793,[],,,,[],[],[],[],[fastq,run.zq,sra],[gs,ncbi,s3],[gs.us-east1,ncbi.public,s3.us-east-1],1,21493723600,14060143642,2022-12-18T17:19:00.000Z,NA,Antennae,Antennae,32301248,NA,NA,NA,NA,NA,NA,NA,NA,NA,NA,NA,NA,NA,NA,NA,NA,NA,NA,NA,NA,NA,NA,NA,NA
SRR445999,RNA-Seq,JOHNS HOPKINS UNIVERSITY SCHOOL OF MEDICINE CENTER,public,SRX129927,NursePool1,Illumina HiSeq 2000,PAIRED,unspecified,TRANSCRIPTOMIC,ILLUMINA,SRS300641,SAMN00828740,Apis mellifera,SRP011484,2012-09-16 00:00:00.000000 UTC,PRJNA104931,28635,NA,202,43194,NA,NursePool1_rna,[],,,,[],[],[],[],[fastq,run.zq,sra],[gs,ncbi,s3],[gs.us-east1,ncbi.public,s3.us-east-1],2,43194501128,30026394232,2012-08-11T22:41:00.000Z,NA,NA,NA,104931,NA,NA,NA,NA,NA,NA,NA,NA,NA,NA,NA,NA,NA,NA,NA,NA,NA,NA,NA,NA,NA,NA,NA,NA
SRR446000,RNA-Seq,JOHNS HOPKINS UNIVERSITY SCHOOL OF MEDICINE CENTER,public,SRX129928,NursePool2,Illumina HiSeq 2000,PAIRED,unspecified,TRANSCRIPTOMIC,ILLUMINA,SRS300642,SAMN00828741,Apis mellifera,SRP011484,2012-09-16 00:00:00.000000 UTC,PRJNA104931,39732,NA,202,59673,NA,NursePool2_rna,[],,,,[],[],[],[],[fastq,run.zq,sra],[gs,ncbi,s3],[gs.us-east1,ncbi.public,s3.us-east-1],2,59673899286,41662435029,2012-08-11T22:53:00.000Z,NA,NA,NA,104931,NA,NA,NA,NA,NA,NA,NA,NA,NA,NA,NA,NA,NA,NA,NA,NA,NA,NA,NA,NA,NA,NA,NA,NA
SRR26863818,RNA-Seq,SUN YAT-SEN UNIVERSITY,public,SRX22558672,GSM7905857,Illumina NovaSeq 6000,PAIRED,cDNA,TRANSCRIPTOMIC SINGLE CELL,ILLUMINA,SRS19567214,SAMN38300106,Apis mellifera,SRP472583,2025-04-23 00:00:00.000000 UTC,PRJNA1041771,38533,NA,316,108499,NA,GSM7905857,[],,uncalculated,uncalculated,[missing],[],[],[],[fastq,run.zq,sra],[gs,ncbi,s3],[gs.us-east1,ncbi.public,s3.us-east-1],1,108499778996,40405685723,2023-11-17T17:21:00.000Z,missing,Nurse bees,antenna,1041771,NA,NA,NA,NA,NA,NA,NA,NA,NA,NA,NA,NA,NA,NA,NA,NA,NA,NA,NA,NA,NA,NA,NA,NA
SRR6031649,RNA-Seq,FUJIAN AGRICULTURE AND FORESTRY UNIVERSITY,public,SRX3181838,Am7TL-2,Illumina HiSeq 4000,PAIRED,PCR,TRANSCRIPTOMIC,ILLUMINA,SRS2510504,SAMN07637364,Apis mellifera,SRP117554,2018-10-01 00:00:00.000000 UTC,PRJNA406998,11282,NA,300,30062,NA,Am7TL-2,[Invertebrate],2017-04-10,China,Asia,[China: Fujian, Fuzhou],[],[],[],[fastq,run.zq,sra],[gs,ncbi,s3],[gs.us-east1,ncbi.public,s3.us-east-1],1,30062684400,11830891881,2017-09-13T05:08:00.000Z,2017-04-10,NA,gut,406998,not collected,not collected,NA,NA,NA,NA,NA,NA,Rui Guo,not collected,Honeybee Protection Lab,not collected,Am7TL-2,NA,NA,NA,NA,NA,NA,NA,NA,NA,NA,NA
SRR32608164,RNA-Seq,UNIVERSITY OF ULM,public,SRX27913707,Guernsey Am 21,DNBSEQ-T7,PAIRED,PolyA,TRANSCRIPTOMIC,DNBSEQ,SRS24283761,SAMN47257410,Apis mellifera,SRP568632,2025-03-07 00:00:00.000000 UTC,PRJNA1233015,19723,NA,300,31224,NA,5,[Invertebrate],2021-08-01,Guernsey,Europe,[Guernsey: Guernsey],[],[],[],[fastq,sra,run.zq],[s3,gs,ncbi],[ncbi.public,s3.us-east-1,gs.us-east1],1,31224708900,20681996974,2025-03-07T07:59:00.000Z,2021-08,NA,pool of half bees,1233015,pool,pool of half bees,49.45977 N 2.53468 W,30 individual bees,NA,NA,NA,NA,NA,NA,NA,NA,NA,NA,NA,NA,NA,NA,NA,NA,NA,NA,NA,NA
SRR446002,RNA-Seq,JOHNS HOPKINS UNIVERSITY SCHOOL OF MEDICINE CENTER,public,SRX129930,NursePool4,Illumina HiSeq 2000,PAIRED,unspecified,TRANSCRIPTOMIC,ILLUMINA,SRS300644,SAMN00828743,Apis mellifera,SRP011484,2012-09-16 00:00:00.000000 UTC,PRJNA104931,19856,NA,202,31205,NA,NursePool4_rna,[],,,,[],[],[],[],[fastq,run.zq,sra],[gs,ncbi,s3],[gs.us-east1,ncbi.public,s3.us-east-1],2,31205349052,20821469626,2012-08-11T22:35:00.000Z,NA,NA,NA,104931,NA,NA,NA,NA,NA,NA,NA,NA,NA,NA,NA,NA,NA,NA,NA,NA,NA,NA,NA,NA,NA,NA,NA,NA
SRR32608186,RNA-Seq,UNIVERSITY OF ULM,public,SRX27913685,Belle-Ile Am 21,DNBSEQ-T7,PAIRED,PolyA,TRANSCRIPTOMIC,DNBSEQ,SRS24283739,SAMN47257408,Apis mellifera,SRP568632,2025-03-07 00:00:00.000000 UTC,PRJNA1233015,22349,NA,300,35363,NA,3,[Invertebrate],2021-06-01,France,Europe,[France: Brittany, Belle-Ile],[],[],[],[run.zq,sra,fastq],[gs,s3,ncbi],[s3.us-east-1,ncbi.public,gs.us-east1],1,35363031300,23435667765,2025-03-07T08:01:00.000Z,2021-06,NA,pool of half bees,1233015,pool,pool of half bees,47.34712 N 3.15538 W,30 individual bees,NA,NA,NA,NA,NA,NA,NA,NA,NA,NA,NA,NA,NA,NA,NA,NA,NA,NA,NA,NA
SRR26863821,RNA-Seq,SUN YAT-SEN UNIVERSITY,public,SRX22558671,GSM7905858,Illumina NovaSeq 6000,PAIRED,cDNA,TRANSCRIPTOMIC SINGLE CELL,ILLUMINA,SRS19567212,SAMN38300105,Apis mellifera,SRP472583,2025-04-23 00:00:00.000000 UTC,PRJNA1041771,22045,NA,315,60769,NA,GSM7905858,[],,uncalculated,uncalculated,[missing],[],[],[],[fastq,run.zq,sra],[gs,ncbi,s3],[gs.us-east1,ncbi.public,s3.us-east-1],1,60769685655,23116132587,2023-11-17T16:40:00.000Z,missing,Forager bees,antenna,1041771,NA,NA,NA,NA,NA,NA,NA,NA,NA,NA,NA,NA,NA,NA,NA,NA,NA,NA,NA,NA,NA,NA,NA,NA
SRR10693363,RNA-Seq,GEO,public,SRX7370007,GSM4218167,Illumina NovaSeq 6000,PAIRED,cDNA,TRANSCRIPTOMIC,ILLUMINA,SRS5828319,SAMN13564760,Apis mellifera,SRP237631,2023-05-10 00:00:00.000000 UTC,PRJNA595689,30440,NA,186,73131,NA,,[],2019-08-16,,,[],[],[],[],[fastq,run.zq,sra],[gs,ncbi,s3],[gs.us-east1,ncbi.public,s3.us-east-1],1,73131024114,31919277328,2019-12-16T15:45:00.000Z,2019-08-16,5 pooled brains,5 pooled brains,13564760,NA,NA,NA,NA,NA,NA,NA,NA,NA,NA,NA,NA,NA,GSM4218167,forager,O43,NA,NA,NA,NA,NA,NA,NA,NA
SRR22801752,RNA-Seq,SUN YAT-SEN UNIVERSITY,public,SRX18761503,GSM6856795,DNBSEQ-G400,PAIRED,cDNA,TRANSCRIPTOMIC,DNBSEQ,SRS16196435,SAMN32301246,Apis mellifera,SRP413636,2024-10-24 00:00:00.000000 UTC,PRJNA913589,19097,NA,100,31416,NA,GSM6856795,[],,,,[],[],[],[],[fastq,run.zq,sra],[gs,ncbi,s3],[gs.us-east1,ncbi.public,s3.us-east-1],1,31416683400,20024815359,2022-12-18T17:31:00.000Z,NA,Antennae,Antennae,32301246,NA,NA,NA,NA,NA,NA,NA,NA,NA,NA,NA,NA,NA,NA,NA,NA,NA,NA,NA,NA,NA,NA,NA,NA
SRR32608159,RNA-Seq,UNIVERSITY OF ULM,public,SRX27913712,IOM Am 21,DNBSEQ-T7,PAIRED,PolyA,TRANSCRIPTOMIC,DNBSEQ,SRS24283766,SAMN47257411,Apis mellifera,SRP568632,2025-03-07 00:00:00.000000 UTC,PRJNA1233015,22367,NA,300,35478,NA,6,[Invertebrate],2021-07-01,uncalculated,uncalculated,[Isle of Man: Douglas],[],[],[],[run.zq,sra,fastq],[gs,ncbi,s3],[gs.us-east1,ncbi.public,s3.us-east-1],1,35478736800,23454294506,2025-03-07T08:13:00.000Z,2021-07,NA,pool of half bees,1233015,pool,pool of half bees,54.15243 N 4.48584 W,30 individual bees,NA,NA,NA,NA,NA,NA,NA,NA,NA,NA,NA,NA,NA,NA,NA,NA,NA,NA,NA,NA
SRR32608156,RNA-Seq,UNIVERSITY OF ULM,public,SRX27913715,Oues Am 21,DNBSEQ-T7,PAIRED,PolyA,TRANSCRIPTOMIC,DNBSEQ,SRS24283769,SAMN47257414,Apis mellifera,SRP568632,2025-03-07 00:00:00.000000 UTC,PRJNA1233015,22384,NA,300,35564,NA,9,[Invertebrate],2021-06-01,France,Europe,[France: Brittany, Ile Ouessant],[],[],[],[sra,fastq,run.zq],[gs,ncbi,s3],[gs.us-east1,s3.us-east-1,ncbi.public],1,35564103000,23472344209,2025-03-07T08:11:00.000Z,2021-06,NA,pool of half bees,1233015,pool,pool of half bees,48.45746 N 5.09644 W,30 individual bees,NA,NA,NA,NA,NA,NA,NA,NA,NA,NA,NA,NA,NA,NA,NA,NA,NA,NA,NA,NA
SRR32608179,RNA-Seq,UNIVERSITY OF ULM,public,SRX27913692,IOM Am 15,DNBSEQ-T7,PAIRED,PolyA,TRANSCRIPTOMIC,DNBSEQ,SRS24283746,SAMN47257432,Apis mellifera,SRP568632,2025-03-07 00:00:00.000000 UTC,PRJNA1233015,21946,NA,300,35356,NA,27,[Invertebrate],2015-07-01,uncalculated,uncalculated,[Isle of Man: Douglas],[],[],[],[sra,run.zq,fastq],[s3,ncbi,gs],[ncbi.public,s3.us-east-1,gs.us-east1],1,35356109100,23012326918,2025-03-07T07:59:00.000Z,2015-07,NA,pool of half bees,1233015,pool,pool of half bees,54.15243 N 4.48584 W,30 individual bees,NA,NA,NA,NA,NA,NA,NA,NA,NA,NA,NA,NA,NA,NA,NA,NA,NA,NA,NA,NA
SRR32608177,RNA-Seq,UNIVERSITY OF ULM,public,SRX27913694,Liverpool Am 15,DNBSEQ-T7,PAIRED,PolyA,TRANSCRIPTOMIC,DNBSEQ,SRS24283748,SAMN47257434,Apis mellifera,SRP568632,2025-03-07 00:00:00.000000 UTC,PRJNA1233015,21944,NA,300,35438,NA,29,[Invertebrate],2015-07-01,United Kingdom,Europe,[United Kingdom: North West, Liverpool],[],[],[],[fastq,run.zq,sra],[ncbi,gs,s3],[ncbi.public,s3.us-east-1,gs.us-east1],1,35438825700,23010563585,2025-03-07T08:02:00.000Z,2015-07,NA,pool of half bees,1233015,pool,pool of half bees,53.40759 N 2.99091 W,29 individual bees,NA,NA,NA,NA,NA,NA,NA,NA,NA,NA,NA,NA,NA,NA,NA,NA,NA,NA,NA,NA
SRR32608157,RNA-Seq,UNIVERSITY OF ULM,public,SRX27913714,Liverpool Am 21,DNBSEQ-T7,PAIRED,PolyA,TRANSCRIPTOMIC,DNBSEQ,SRS24283768,SAMN47257413,Apis mellifera,SRP568632,2025-03-07 00:00:00.000000 UTC,PRJNA1233015,20379,NA,300,32471,NA,8,[Invertebrate],2021-07-01,United Kingdom,Europe,[United Kingdom: North West, Liverpool],[],[],[],[run.zq,sra,fastq],[s3,gs,ncbi],[ncbi.public,gs.us-east1,s3.us-east-1],1,32471576400,21369097678,2025-03-07T08:01:00.000Z,2021-07,NA,pool of half bees,1233015,pool,pool of half bees,53.40759 N 2.99091 W,30 individual bees,NA,NA,NA,NA,NA,NA,NA,NA,NA,NA,NA,NA,NA,NA,NA,NA,NA,NA,NA,NA
SRR446006,RNA-Seq,JOHNS HOPKINS UNIVERSITY SCHOOL OF MEDICINE CENTER,public,SRX129911,ForagerPool2,Illumina HiSeq 2000,PAIRED,unspecified,TRANSCRIPTOMIC,ILLUMINA,SRS300648,SAMN00828747,Apis mellifera,SRP011484,2012-09-16 00:00:00.000000 UTC,PRJNA104931,25577,NA,202,38996,NA,ForagerPool2_rna,[],,,,[],[],[],[],[fastq,run.zq,sra],[gs,ncbi,s3],[gs.us-east1,ncbi.public,s3.us-east-1],2,38996285840,26820256940,2012-08-11T22:43:00.000Z,NA,NA,NA,104931,NA,NA,NA,NA,NA,NA,NA,NA,NA,NA,NA,NA,NA,NA,NA,NA,NA,NA,NA,NA,NA,NA,NA,NA
SRR5223580,RNA-Seq,UNIVERSITY OF NEVADA, RENO,public,SRX2532760,NEB_brain,Illumina HiSeq 2500,PAIRED,RT-PCR,TRANSCRIPTOMIC,ILLUMINA,SRS1953452,SAMN06289196,Apis mellifera,SRP098716,2019-01-01 00:00:00.000000 UTC,PRJNA369540,10576,NA,250,19859,NA,NEB_brain,[Model organism or animal],,,,[],[],[],[],[fastq,run.zq,sra],[gs,ncbi,s3],[gs.us-east1,ncbi.public,s3.us-east-1],1,19859883750,11090765325,2017-02-01T20:06:00.000Z,NA,NA,brain,369540,newly eclosing bee,NA,NA,NA,NA,NA,not collected,newly eclosing bee,NA,NA,NA,NA,NA,NA,NA,NA,NA,NA,NA,NA,NA,NA,NA,NA
SRR32608183,RNA-Seq,UNIVERSITY OF ULM,public,SRX27913688,Alderney Am 15,DNBSEQ-T7,PAIRED,PolyA,TRANSCRIPTOMIC,DNBSEQ,SRS24283742,SAMN47257428,Apis mellifera,SRP568632,2025-03-07 00:00:00.000000 UTC,PRJNA1233015,21519,NA,300,34524,NA,23,[Invertebrate],2015-07-01,Guernsey,Europe,[Guernsey: Alderney],[],[],[],[fastq,run.zq,sra],[s3,ncbi,gs],[s3.us-east-1,ncbi.public,gs.us-east1],1,34524586500,22564740800,2025-03-07T08:17:00.000Z,2015-07,NA,pool of half bees,1233015,pool,pool of half bees,49.71321 N 2.20692 W,30 individual bees,NA,NA,NA,NA,NA,NA,NA,NA,NA,NA,NA,NA,NA,NA,NA,NA,NA,NA,NA,NA
SRR18071706,RNA-Seq,BEE LAB, AGRICULTURE, USDA-ARS-BARC,public,SRX14223406,GSM5906382,Illumina HiSeq 2500,PAIRED,cDNA,TRANSCRIPTOMIC,ILLUMINA,SRS12044840,SAMN26083008,Apis mellifera,SRP360517,2022-12-29 00:00:00.000000 UTC,PRJNA808312,10242,NA,202,15734,NA,GSM5906382,[],,,,[],[],[],[],[fastq,run.zq,sra],[gs,ncbi,s3],[gs.us-east1,ncbi.public,s3.us-east-1],1,15734830602,10739595387,2022-02-23T06:23:00.000Z,NA,Whole bee,Whole body,26083008,NA,NA,NA,NA,NA,NA,NA,NA,NA,NA,NA,NA,NA,NA,NA,NA,NA,NA,NA,NA,NA,NA,Healthy,NA
SRR32608178,RNA-Seq,UNIVERSITY OF ULM,public,SRX27913693,Le Conquet Am 15,DNBSEQ-T7,PAIRED,PolyA,TRANSCRIPTOMIC,DNBSEQ,SRS24283747,SAMN47257433,Apis mellifera,SRP568632,2025-03-07 00:00:00.000000 UTC,PRJNA1233015,22220,NA,300,35617,NA,28,[Invertebrate],2015-06-01,France,Europe,[France: Brittany, Le Conquet],[],[],[],[run.zq,fastq,sra],[s3,gs,ncbi],[s3.us-east-1,gs.us-east1,ncbi.public],1,35617606500,23299458730,2025-03-07T07:58:00.000Z,2015-06,NA,pool of half bees,1233015,pool,pool of half bees,48.35945 N 4.77332 W,30 individual bees,NA,NA,NA,NA,NA,NA,NA,NA,NA,NA,NA,NA,NA,NA,NA,NA,NA,NA,NA,NA
SRR10693356,RNA-Seq,GEO,public,SRX7370000,GSM4218160,Illumina NovaSeq 6000,PAIRED,cDNA,TRANSCRIPTOMIC,ILLUMINA,SRS5828313,SAMN13564767,Apis mellifera,SRP237631,2023-05-10 00:00:00.000000 UTC,PRJNA595689,19324,NA,186,46409,NA,,[],2019-08-14,,,[],[],[],[],[fastq,run.zq,sra],[gs,ncbi,s3],[gs.us-east1,ncbi.public,s3.us-east-1],1,46409603070,20263703498,2019-12-16T08:55:00.000Z,2019-08-14,5 pooled brains,5 pooled brains,13564767,NA,NA,NA,NA,NA,NA,NA,NA,NA,NA,NA,NA,NA,GSM4218160,soldier,O2,NA,NA,NA,NA,NA,NA,NA,NA
SRR22801758,RNA-Seq,SUN YAT-SEN UNIVERSITY,public,SRX18761497,GSM6856789,DNBSEQ-G400,PAIRED,cDNA,TRANSCRIPTOMIC,DNBSEQ,SRS16196430,SAMN32301252,Apis mellifera,SRP413636,2024-10-24 00:00:00.000000 UTC,PRJNA913589,13056,NA,100,20969,NA,GSM6856789,[],,,,[],[],[],[],[fastq,run.zq,sra],[gs,ncbi,s3],[gs.us-east1,ncbi.public,s3.us-east-1],1,20969963600,13691243524,2022-12-18T17:09:00.000Z,NA,Antennae,Antennae,32301252,NA,NA,NA,NA,NA,NA,NA,NA,NA,NA,NA,NA,NA,NA,NA,NA,NA,NA,NA,NA,NA,NA,NA,NA
SRR25153446,RNA-Seq,ZHEJIANG UNIVERSITY,public,SRX20904725,Amel_3d_testis_scRNA-seq,Illumina NovaSeq 6000,PAIRED,PolyA,TRANSCRIPTOMIC,ILLUMINA,SRS18181995,SAMN35674331,Apis mellifera,SRP471943,2023-11-17 00:00:00.000000 UTC,PRJNA981429,33027,NA,178,104229,NA,scRNA-seq_3d_testis,[Invertebrate],2019-05-01,China,Asia,[China: Beijing],[],[],[],[fastq,run.zq,sra],[gs,ncbi,s3],[gs.us-east1,ncbi.public,s3.us-east-1],1,104229404100,34632213083,2023-07-06T02:25:00.000Z,2019-05,NA,testis,35674331,not collected,Institute of Apicultural Research Chinese Academy of Agricultural Sciences (IAR) in Beijing, China,NA,NA,NA,NA,male,adult,NA,not collected,NA,not collected,NA,NA,NA,NA,3 days,1,scRNA-seq,NA,NA,NA,NA,NA
SRR25153439,RNA-Seq,ZHEJIANG UNIVERSITY,public,SRX20904732,Amel_3d_testis_SMRT-seq,PacBio RS II,SINGLE,PolyA,TRANSCRIPTOMIC,PACBIO_SMRT,SRS18182002,SAMN35674338,Apis mellifera,SRP471943,2023-11-17 00:00:00.000000 UTC,PRJNA981429,10173,NA,1776,41888,NA,SMRT-seq_3d_testis,[Invertebrate],2019-05-01,China,Asia,[China: Beijing],[],[],[],[bam,sra],[gs,ncbi,s3],[gs.us-east1,ncbi.public,s3.us-east-1],1,41888812546,10667381177,2023-07-06T01:35:00.000Z,2019-05,NA,testis,35674338,not collected,Institute of Apicultural Research Chinese Academy of Agricultural Sciences (IAR) in Beijing, China,NA,NA,NA,NA,male,adult,NA,not collected,NA,not collected,NA,NA,NA,NA,3 days,1,SMRT-seq,NA,NA,NA,NA,NA
SRR10693360,RNA-Seq,GEO,public,SRX7370004,GSM4218164,Illumina NovaSeq 6000,PAIRED,cDNA,TRANSCRIPTOMIC,ILLUMINA,SRS5828315,SAMN13564763,Apis mellifera,SRP237631,2023-05-10 00:00:00.000000 UTC,PRJNA595689,27551,NA,186,66114,NA,,[],2019-08-14,,,[],[],[],[],[fastq,run.zq,sra],[gs,ncbi,s3],[gs.us-east1,ncbi.public,s3.us-east-1],1,66114065304,28890120502,2019-12-16T09:54:00.000Z,2019-08-14,5 pooled brains,5 pooled brains,13564763,NA,NA,NA,NA,NA,NA,NA,NA,NA,NA,NA,NA,NA,GSM4218164,forager,O2,NA,NA,NA,NA,NA,NA,NA,NA
SRR4096528,RNA-Seq,HONEYBEE RESEARCH INSTITUTE,public,SRX2066026,Amellifera MET,Illumina HiSeq 2500,PAIRED,cDNA,TRANSCRIPTOMIC,ILLUMINA,SRS1657386,SAMN05712688,Apis mellifera,SRP082626,2016-09-04 00:00:00.000000 UTC,PRJNA339509,33599,NA,201,59666,NA,--,[Model organism or animal],,,,[],[],[],[],[fastq,run.zq,sra],[gs,ncbi,s3],[gs.us-east1,ncbi.public,s3.us-east-1],1,59666605085,35231374576,2016-08-30T00:01:00.000Z,NA,NA,unknow,--,NA,NA,NA,NA,NA,NA,not determined,not determined,NA,honeybee,NA,NA,NA,NA,NA,NA,NA,NA,NA,new,--,NA,NA,NA
SRR4063653,RNA-Seq,HONEYBEE RESEARCH INSTITUTE,public,SRX2052694,QEQ-Trans,Illumina HiSeq 2500,PAIRED,cDNA,TRANSCRIPTOMIC,ILLUMINA,SRS1275258,SAMN04450256,Apis mellifera,SRP069272,2016-08-30 00:00:00.000000 UTC,PRJNA310321,20113,NA,287,47552,NA,--,[Invertebrate],,China,Asia,[China: Nanchang, (28.46uN, 115.49uE)],[],[],[],[run.zq,sra],[gs,ncbi,s3],[gs.us-east1,ncbi.public,s3.us-east-1],1,47552703143,21090040760,2016-08-25T23:25:00.000Z,not collected,NA,head,chest,--,not collected,not collected,NA,NA,NA,NA,NA,NA,NA,not collected,NA,not collected,NA,NA,NA,NA,NA,NA,NA,new,unknow,NA,NA,NA
SRR22801761,RNA-Seq,SUN YAT-SEN UNIVERSITY,public,SRX18761494,GSM6856786,DNBSEQ-G400,PAIRED,cDNA,TRANSCRIPTOMIC,DNBSEQ,SRS16196426,SAMN32301255,Apis mellifera,SRP413636,2024-10-24 00:00:00.000000 UTC,PRJNA913589,10996,NA,100,17838,NA,GSM6856786,[],,,,[],[],[],[],[fastq,run.zq,sra],[gs,ncbi,s3],[gs.us-east1,ncbi.public,s3.us-east-1],1,17838384800,11531124544,2022-12-18T16:58:00.000Z,NA,Antennae,Antennae,32301255,NA,NA,NA,NA,NA,NA,NA,NA,NA,NA,NA,NA,NA,NA,NA,NA,NA,NA,NA,NA,NA,NA,NA,NA
SRR446004,RNA-Seq,JOHNS HOPKINS UNIVERSITY SCHOOL OF MEDICINE CENTER,public,SRX129933,NursePool6,Illumina HiSeq 2000,PAIRED,unspecified,TRANSCRIPTOMIC,ILLUMINA,SRS300646,SAMN00828745,Apis mellifera,SRP011484,2012-09-16 00:00:00.000000 UTC,PRJNA104931,29142,NA,202,45650,NA,NursePool6_rna,[],,,,[],[],[],[],[fastq,run.zq,sra],[gs,ncbi,s3],[gs.us-east1,ncbi.public,s3.us-east-1],2,45650782142,30558273098,2012-08-11T22:42:00.000Z,NA,NA,NA,104931,NA,NA,NA,NA,NA,NA,NA,NA,NA,NA,NA,NA,NA,NA,NA,NA,NA,NA,NA,NA,NA,NA,NA,NA
SRR22801757,RNA-Seq,SUN YAT-SEN UNIVERSITY,public,SRX18761498,GSM6856790,DNBSEQ-G400,PAIRED,cDNA,TRANSCRIPTOMIC,DNBSEQ,SRS16196429,SAMN32301251,Apis mellifera,SRP413636,2024-10-24 00:00:00.000000 UTC,PRJNA913589,15423,NA,100,25104,NA,GSM6856790,[],,,,[],[],[],[],[fastq,run.zq,sra],[gs,ncbi,s3],[gs.us-east1,ncbi.public,s3.us-east-1],1,25104135400,16172539355,2022-12-18T17:36:00.000Z,NA,Antennae,Antennae,32301251,NA,NA,NA,NA,NA,NA,NA,NA,NA,NA,NA,NA,NA,NA,NA,NA,NA,NA,NA,NA,NA,NA,NA,NA
SRR32608180,RNA-Seq,UNIVERSITY OF ULM,public,SRX27913691,Guernsey Am 15,DNBSEQ-T7,PAIRED,PolyA,TRANSCRIPTOMIC,DNBSEQ,SRS24283745,SAMN47257431,Apis mellifera,SRP568632,2025-03-07 00:00:00.000000 UTC,PRJNA1233015,22031,NA,300,35628,NA,26,[Invertebrate],2015-07-01,Guernsey,Europe,[Guernsey: Guernsey],[],[],[],[sra,run.zq,fastq],[gs,s3,ncbi],[gs.us-east1,ncbi.public,s3.us-east-1],1,35628559200,23102010339,2025-03-07T07:59:00.000Z,2015-07,NA,pool of half bees,1233015,pool,pool of half bees,49.45977 N 2.53468 W,22 individual bees,NA,NA,NA,NA,NA,NA,NA,NA,NA,NA,NA,NA,NA,NA,NA,NA,NA,NA,NA,NA
SRR32608155,RNA-Seq,UNIVERSITY OF ULM,public,SRX27913716,Penryn Am 21,DNBSEQ-T7,PAIRED,PolyA,TRANSCRIPTOMIC,DNBSEQ,SRS24283770,SAMN47257415,Apis mellifera,SRP568632,2025-03-07 00:00:00.000000 UTC,PRJNA1233015,22203,NA,300,35308,NA,10,[Invertebrate],2021-07-01,United Kingdom,Europe,[United Kingdom: South West, Penryn],[],[],[],[run.zq,sra,fastq],[ncbi,s3,gs],[gs.us-east1,s3.us-east-1,ncbi.public],1,35308837200,23282471821,2025-03-07T07:58:00.000Z,2021-07,NA,pool of half bees,10,pool,pool of half bees,50.15276 N 5.06717 W,30 individual bees,NA,NA,NA,NA,NA,NA,NA,NA,NA,NA,NA,NA,NA,NA,NA,NA,NA,NA,NA,NA
SRR32608181,RNA-Seq,UNIVERSITY OF ULM,public,SRX27913690,Cherbourg Am 15,DNBSEQ-T7,PAIRED,PolyA,TRANSCRIPTOMIC,DNBSEQ,SRS24283744,SAMN47257430,Apis mellifera,SRP568632,2025-03-07 00:00:00.000000 UTC,PRJNA1233015,22030,NA,300,35514,NA,25,[Invertebrate],2015-07-01,France,Europe,[France: Normandy, Cherbourg],[],[],[],[sra,fastq,run.zq],[gs,ncbi,s3],[ncbi.public,gs.us-east1,s3.us-east-1],1,35514349500,23100858491,2025-03-07T08:21:00.000Z,2015-07,NA,pool of half bees,1233015,pool,pool of half bees,49.65157 N 1.62054 W,30 individual bees,NA,NA,NA,NA,NA,NA,NA,NA,NA,NA,NA,NA,NA,NA,NA,NA,NA,NA,NA,NA
SRR32608197,RNA-Seq,UNIVERSITY OF ULM,public,SRX27913674,Alderney Am 21,DNBSEQ-T7,PAIRED,PolyA,TRANSCRIPTOMIC,DNBSEQ,SRS24283728,SAMN47257407,Apis mellifera,SRP568632,2025-03-07 00:00:00.000000 UTC,PRJNA1233015,20020,NA,300,31596,NA,2,[Invertebrate],2021-08-01,Guernsey,Europe,[Guernsey: Alderney],[],[],[],[run.zq,sra,fastq],[gs,s3,ncbi],[ncbi.public,s3.us-east-1,gs.us-east1],1,31596452100,20992527198,2025-03-07T08:20:00.000Z,2021-08,NA,pool of half bees,1233015,pool,pool of half bees,49.71321 N 2.20692 W,28 individual bees,NA,NA,NA,NA,NA,NA,NA,NA,NA,NA,NA,NA,NA,NA,NA,NA,NA,NA,NA,NA
SRR32608158,RNA-Seq,UNIVERSITY OF ULM,public,SRX27913713,Le Conc. Am 21,DNBSEQ-T7,PAIRED,PolyA,TRANSCRIPTOMIC,DNBSEQ,SRS24283767,SAMN47257412,Apis mellifera,SRP568632,2025-03-07 00:00:00.000000 UTC,PRJNA1233015,20106,NA,300,31943,NA,7,[Invertebrate],2021-06-01,France,Europe,[France: Brittany, Le Conquet],[],[],[],[fastq,sra,run.zq],[ncbi,gs,s3],[gs.us-east1,ncbi.public,s3.us-east-1],1,31943629200,21083531628,2025-03-07T07:59:00.000Z,2021-06,NA,pool of half bees,1233015,pool,pool of half bees,48.35945 N 4.77332 W,30 individual bees,NA,NA,NA,NA,NA,NA,NA,NA,NA,NA,NA,NA,NA,NA,NA,NA,NA,NA,NA,NA
SRR5223579,RNA-Seq,UNIVERSITY OF NEVADA, RENO,public,SRX2532759,NEB_hpg,Illumina HiSeq 2500,PAIRED,RT-PCR,TRANSCRIPTOMIC,ILLUMINA,SRS1953449,SAMN06289197,Apis mellifera,SRP098716,2019-01-01 00:00:00.000000 UTC,PRJNA369540,11226,NA,250,20977,NA,NEB_hpg,[Model organism or animal],,,,[],[],[],[],[fastq,run.zq,sra],[gs,ncbi,s3],[gs.us-east1,ncbi.public,s3.us-east-1],1,20977740250,11772337020,2017-02-01T20:07:00.000Z,NA,NA,hypopharyngeal gland,369540,newly eclosing bee,NA,NA,NA,NA,NA,not collected,newly eclosing bee,NA,NA,NA,NA,NA,NA,NA,NA,NA,NA,NA,NA,NA,NA,NA,NA
SRR32608196,RNA-Seq,UNIVERSITY OF ULM,public,SRX27913675,Quiberon Am 21,DNBSEQ-T7,PAIRED,PolyA,TRANSCRIPTOMIC,DNBSEQ,SRS24283729,SAMN47257416,Apis mellifera,SRP568632,2025-03-07 00:00:00.000000 UTC,PRJNA1233015,22091,NA,300,35071,NA,11,[Invertebrate],2021-06-01,France,Europe,[France: Brittany, Quiberon],[],[],[],[run.zq,fastq,sra],[gs,s3,ncbi],[gs.us-east1,s3.us-east-1,ncbi.public],1,35071233000,23164890704,2025-03-07T08:01:00.000Z,2021-06,NA,pool of half bees,11,pool,pool of half bees,47.4822 N 3.12019 W,30 individual bees,NA,NA,NA,NA,NA,NA,NA,NA,NA,NA,NA,NA,NA,NA,NA,NA,NA,NA,NA,NA
SRR22801751,RNA-Seq,SUN YAT-SEN UNIVERSITY,public,SRX18761504,GSM6856796,DNBSEQ-G400,PAIRED,cDNA,TRANSCRIPTOMIC,DNBSEQ,SRS16196436,SAMN32301245,Apis mellifera,SRP413636,2024-10-24 00:00:00.000000 UTC,PRJNA913589,16945,NA,100,27843,NA,GSM6856796,[],,,,[],[],[],[],[fastq,run.zq,sra],[gs,ncbi,s3],[gs.us-east1,ncbi.public,s3.us-east-1],1,27843681800,17768594339,2022-12-18T17:06:00.000Z,NA,Antennae,Antennae,32301245,NA,NA,NA,NA,NA,NA,NA,NA,NA,NA,NA,NA,NA,NA,NA,NA,NA,NA,NA,NA,NA,NA,NA,NA
SRR10693361,RNA-Seq,GEO,public,SRX7370005,GSM4218165,Illumina NovaSeq 6000,PAIRED,cDNA,TRANSCRIPTOMIC,ILLUMINA,SRS5828317,SAMN13564762,Apis mellifera,SRP237631,2023-05-10 00:00:00.000000 UTC,PRJNA595689,27084,NA,186,65200,NA,,[],2019-08-13,,,[],[],[],[],[fastq,run.zq,sra],[gs,ncbi,s3],[gs.us-east1,ncbi.public,s3.us-east-1],1,65200278366,28400629561,2019-12-16T08:11:00.000Z,2019-08-13,5 pooled brains,5 pooled brains,13564762,NA,NA,NA,NA,NA,NA,NA,NA,NA,NA,NA,NA,NA,GSM4218165,forager,O22,NA,NA,NA,NA,NA,NA,NA,NA
SRR26863825,RNA-Seq,SUN YAT-SEN UNIVERSITY,public,SRX22558670,GSM7905856,Illumina NovaSeq 6000,PAIRED,cDNA,TRANSCRIPTOMIC SINGLE CELL,ILLUMINA,SRS19567211,SAMN38300107,Apis mellifera,SRP472583,2025-04-23 00:00:00.000000 UTC,PRJNA1041771,33072,NA,316,91775,NA,GSM7905856,[],,uncalculated,uncalculated,[missing],[],[],[],[fastq,run.zq,sra],[gs,ncbi,s3],[gs.us-east1,ncbi.public,s3.us-east-1],1,91775538404,34679370483,2023-11-17T17:07:00.000Z,missing,New worker bees,antenna,1041771,NA,NA,NA,NA,NA,NA,NA,NA,NA,NA,NA,NA,NA,NA,NA,NA,NA,NA,NA,NA,NA,NA,NA,NA
DRR401188,RNA-Seq,UT-BS,public,DRX386891,SAMD00523111,DNBSEQ-G400,PAIRED,cDNA,TRANSCRIPTOMIC,DNBSEQ,DRS339384,SAMD00523111,Apis mellifera,DRP010751,2023-11-07 00:00:00.000000 UTC,PRJDB14260,30789,NA,119,43658,NA,forager optic lobe,[Invertebrate],,Japan,Asia,[Japan:Tokyo],[],[],[forager optic lobe],[run.zq,sra],[gs,ncbi,s3],[gs.us-east1,ncbi.public,s3.us-east-1],1,43658198304,32285030613,2023-11-07T13:49:00.000Z,2020,NA,brain,1036844,NA,not appliacble,NA,NA,NA,NA,NA,NA,NA,not appliacble,NA,NA,NA,NA,NA,NA,NA,NA,NA,NA,NA,NA,NA,NA
SRR5223582,RNA-Seq,UNIVERSITY OF NEVADA, RENO,public,SRX2532762,forager_brain,Illumina HiSeq 2500,PAIRED,RT-PCR,TRANSCRIPTOMIC,ILLUMINA,SRS1953450,SAMN06289194,Apis mellifera,SRP098716,2019-01-01 00:00:00.000000 UTC,PRJNA369540,11042,NA,250,21049,NA,forager_brain,[Model organism or animal],,,,[],[],[],[],[fastq,run.zq,sra],[gs,ncbi,s3],[gs.us-east1,ncbi.public,s3.us-east-1],1,21049123500,11579379746,2017-02-01T20:02:00.000Z,NA,NA,brain,369540,forager,NA,NA,NA,NA,NA,not collected,forager,NA,NA,NA,NA,NA,NA,NA,NA,NA,NA,NA,NA,NA,NA,NA,NA
SRR26863823,RNA-Seq,SUN YAT-SEN UNIVERSITY,public,SRX22558670,GSM7905856,Illumina NovaSeq 6000,PAIRED,cDNA,TRANSCRIPTOMIC SINGLE CELL,ILLUMINA,SRS19567211,SAMN38300107,Apis mellifera,SRP472583,2025-04-23 00:00:00.000000 UTC,PRJNA1041771,13737,NA,316,37527,NA,GSM7905856,[],,uncalculated,uncalculated,[missing],[],[],[],[fastq,run.zq,sra],[gs,ncbi,s3],[gs.us-east1,ncbi.public,s3.us-east-1],1,37527837680,14405034031,2023-11-17T15:57:00.000Z,missing,New worker bees,antenna,1041771,NA,NA,NA,NA,NA,NA,NA,NA,NA,NA,NA,NA,NA,NA,NA,NA,NA,NA,NA,NA,NA,NA,NA,NA
SRR32608198,RNA-Seq,UNIVERSITY OF ULM,public,SRX27913673,Arran Am 21,DNBSEQ-T7,PAIRED,PolyA,TRANSCRIPTOMIC,DNBSEQ,SRS24283727,SAMN47257406,Apis mellifera,SRP568632,2025-03-07 00:00:00.000000 UTC,PRJNA1233015,20705,NA,300,32857,NA,1,[Invertebrate],2021-08-01,United Kingdom,Europe,[United Kingdom: Scotland, Isle of Arran],[],[],[],[run.zq,fastq,sra],[gs,ncbi,s3],[gs.us-east1,ncbi.public,s3.us-east-1],1,32857232400,21711115416,2025-03-07T08:17:00.000Z,2021-08,NA,pool of half bees,1,pool,pool of half bees,55.59502 N 5.15081 W,30 individual bees,NA,NA,NA,NA,NA,NA,NA,NA,NA,NA,NA,NA,NA,NA,NA,NA,NA,NA,NA,NA
SRR15724161,RNA-Seq,UNIVERSITY OF ABERDEEN,public,SRX12019611,W-B-Y,Illumina HiSeq 2500,PAIRED,PolyA,TRANSCRIPTOMIC,ILLUMINA,SRS10024494,SAMN21237268,Apis mellifera,SRP335728,2022-09-01 00:00:00.000000 UTC,PRJNA760896,12836,NA,300,34062,NA,FM34-W#B-Y,[Invertebrate],2018-08-11,United Kingdom,Europe,[United Kingdom: Egham, Surrey],[],[],[],[fastq,run.zq,sra],[gs,ncbi,s3],[gs.us-east1,ncbi.public,s3.us-east-1],1,34062092400,13460041774,2021-09-05T13:37:00.000Z,2018-08-11,NA,mushroom body,21237268,W (B) (Y),H1,51.42560486 N 0.56229717 W,NA,NA,NA,female,adult forager,Leadbeater Lab, Royal Holloway University of London,British commercial honeybees,Dr Fabio Manfredini,not applicable,NA,NA,NA,NA,NA,NA,NA,NA,NA,NA,NA,brain
SRR15724176,RNA-Seq,UNIVERSITY OF ABERDEEN,public,SRX12019596,GWP-B,Illumina HiSeq 2500,PAIRED,PolyA,TRANSCRIPTOMIC,ILLUMINA,SRS10024479,SAMN21237255,Apis mellifera,SRP335728,2022-09-01 00:00:00.000000 UTC,PRJNA760896,11887,NA,300,31949,NA,FM13-GWP-B,[Invertebrate],2018-08-14,United Kingdom,Europe,[United Kingdom: Egham, Surrey],[],[],[],[fastq,run.zq,sra],[gs,ncbi,s3],[gs.us-east1,ncbi.public,s3.us-east-1],1,31949600400,12465027184,2021-09-05T14:41:00.000Z,2018-08-14,NA,mushroom body,21237255,GWP (B),H1,51.42560486 N 0.56229717 W,NA,NA,NA,female,adult forager,Leadbeater Lab, Royal Holloway University of London,British commercial honeybees,Dr Fabio Manfredini,not applicable,NA,NA,NA,NA,NA,NA,NA,NA,NA,NA,NA,brain
SRR15724154,RNA-Seq,UNIVERSITY OF ABERDEEN,public,SRX12019618,YY--W,Illumina HiSeq 2500,PAIRED,PolyA,TRANSCRIPTOMIC,ILLUMINA,SRS10024501,SAMN21237275,Apis mellifera,SRP335728,2022-09-01 00:00:00.000000 UTC,PRJNA760896,11814,NA,300,31734,NA,FM24-YY#-W,[Invertebrate],2018-08-04,United Kingdom,Europe,[United Kingdom: Egham, Surrey],[],[],[],[fastq,run.zq,sra],[gs,ncbi,s3],[gs.us-east1,ncbi.public,s3.us-east-1],1,31734747900,12388315454,2021-09-05T14:03:00.000Z,2018-08-04,NA,mushroom body,21237275,YY ( (W),H2,51.42560486 N 0.56229717 W,NA,NA,NA,female,adult forager,Leadbeater Lab, Royal Holloway University of London,British commercial honeybees,Dr Fabio Manfredini,not applicable,NA,NA,NA,NA,NA,NA,NA,NA,NA,NA,NA,brain
